time,max_strain,max_stress
0,0,0
1,3.5583193507841e-05,8766882.0217848
